<application>
  <component name="AndroidLogcatFilterHistory">
    <option name="mostRecentlyUsed" value="package:mine level:error " />
    <option name="nonFavorites">
      <list>
        <option value="package:mine level:error " />
        <option value="package:mine tag:Google" />
        <option value="package:mine tag:Logout" />
        <option value="package:mine " />
        <option value="package:mine" />
        <option value="package:mine leak" />
        <option value="package:mine tag:LeakCanary" />
        <option value="package:mine facebook" />
        <option value="package:mine level:error" />
        <option value="package:mine tag:Counter | level:error package:mine  " />
        <option value="package:mine tag:Counter" />
        <option value="tag:SkzFirebaseMessagingService" />
        <option value="skroutz" />
        <option value="level:error " />
        <option value="image" />
        <option value="widget" />
        <option value="Widget" />
        <option value="level:error" />
        <option value="package:mine Recent" />
        <option value="package:mine RecentOrder" />
      </list>
    </option>
  </component>
</application>