<application>
  <component name="CodeVisionSettings">
    <option name="defaultPosition" value="Right" />
    <option name="disabledCodeVisionProviderIds">
      <set>
        <option value="vcs.code.vision" />
      </set>
    </option>
  </component>
  <component name="DeclarativeInlayHintsSettings">
    <option name="enabledOptions">
      <map>
        <entry key="kotlin.lambdas.hints#hints.lambda.receivers.parameters" value="true" />
      </map>
    </option>
    <option name="providerIdToEnabled">
      <map>
        <entry key="kotlin.lambdas.hints" value="true" />
      </map>
    </option>
  </component>
  <component name="JetEditorOptions">
    <option name="donTShowConversionDialog" value="true" />
  </component>
</application>